<?xml version="1.0"?>
<!DOCTYPE hibernate-mapping PUBLIC
"-//Hibernate/Hibernate Mapping DTD 3.0//EN"
"http://hibernate.sourceforge.net/hibernate-mapping-3.0.dtd">

<hibernate-mapping>
	<class name="com.dxc.model.Customer" table="CustomerData">
	
		<id name="custId" type="int" column="CId">
			<generator class="assigned"/>
		</id>

		<property name="custName" column="CName" />
	
		<property name="custAddress">
			<column name="CAddress" />
		</property>
		
			<property name="billAmount"  /> <!-- column="Salary" type="int" -->
	</class>
</hibernate-mapping>